Number;Type;X;Y;Z
1;1;5.760438;-66.149121;-30.371308
1;1;21.713149;-66.149121;-140.538102
1;1;-79.403283;-66.149121;-187.085697
1;1;-152.721811;-66.149121;-103.326489
1;1;-93.200766;-66.149121;-9.260253
1;1;13.885500;-66.149121;-39.653393
1;1;15.117105;-66.149121;-150.962398
1;1;-91.270443;-66.149121;-183.717570
1;1;-152.858296;-66.149121;-90.991371
1;1;-81.411038;-66.149121;-5.630368
1;1;20.710585;-66.149121;-49.929189
1;1;7.199414;-66.149121;-160.421993
1;1;-102.587427;-66.149121;-178.808432
1;1;-151.361005;-66.149121;-78.746704
1;1;-69.244604;-66.149121;-3.592807
1;1;26.115609;-66.149121;-61.017898
1;1;-1.900618;-66.149121;-168.750449
1;1;-113.155121;-66.149121;-172.444659
1;1;-148.256284;-66.149121;-66.807924
1;1;-56.915526;-66.149121;-3.183419
1;1;30.005474;-66.149121;-72.724422
1;1;-12.022881;-66.149121;-175.801233
1;1;-122.787592;-66.149121;-164.738216
1;1;-143.598757;-66.149121;-55.385087
1;1;-44.640727;-66.149121;-4.409408
1;1;32.311740;-66.149121;-84.842793
1;1;-22.989280;-66.149121;-181.450291
1;1;-131.315363;-66.149121;-155.824694
1;1;-137.470370;-66.149121;-44.679171
1;1;-32.636172;-66.149121;-7.249203
1;1;32.993830;-66.149121;-97.159794
1;1;-34.606868;-66.149121;-185.598231
1;1;-138.588394;-66.149121;-145.860921
1;1;-129.978950;-66.149121;-34.878539
1;1;-21.113076;-66.149121;-11.652840
1;1;32.039743;-66.149121;-109.458716
1;1;-46.671241;-66.149121;-188.172072
1;1;-144.478720;-66.149121;-135.022202
1;1;-121.256302;-66.149121;-26.155628
1;1;-10.274180;-66.149121;-17.542838
1;1;29.466265;-66.149121;-121.523166
1;1;-58.970134;-66.149121;-189.126530
1;1;-148.882703;-66.149121;-123.499238
1;1;-111.455896;-66.149121;-18.663912
1;1;-0.310187;-66.149121;-24.815569
1;1;25.318675;-66.149121;-133.140880
1;1;-71.287156;-66.149121;-188.444812
1;1;-151.722860;-66.149121;-111.494770
1;1;-100.750165;-66.149121;-12.535203
1;1;8.603592;-66.149121;-33.343071
1;1;19.669948;-66.149121;-144.107449
1;1;-83.405596;-66.149121;-186.138911
1;1;-152.949219;-66.149121;-99.220007
1;1;-89.327468;-66.149121;-7.877332
1;1;16.310325;-66.149121;-42.975310
1;1;12.619469;-66.149121;-154.229924
1;1;-95.112237;-66.149121;-182.249399
1;1;-152.540203;-66.149121;-86.890917
1;1;-77.388782;-66.149121;-4.772250
1;1;22.674417;-66.149121;-53.542812
1;1;4.291287;-66.149121;-163.330207
1;1;-106.201110;-66.149121;-176.844710
1;1;-150.503009;-66.149121;-74.724422
1;1;-65.144160;-66.149121;-3.274591
1;1;27.583895;-66.149121;-64.859648
1;1;-5.168069;-66.149121;-171.248183
1;1;-116.477111;-66.149121;-170.019934
1;1;-146.873479;-66.149121;-62.934584
1;1;-52.809038;-66.149121;-3.410704
1;1;30.952381;-66.149121;-76.726706
1;1;-15.592167;-66.149121;-177.844542
1;1;-125.759441;-66.149121;-161.895151
1;1;-141.715474;-66.149121;-51.728838
1;1;5.760438;-62.590846;-30.371308
1;1;21.713149;-62.590846;-140.538102
1;1;-79.403283;-62.590846;-187.085697
1;1;-152.721811;-62.590846;-103.326489
1;1;-93.200766;-62.590846;-9.260253
1;1;13.885500;-62.590846;-39.653393
1;1;15.117105;-62.590846;-150.962398
1;1;-91.270443;-62.590846;-183.717570
1;1;-152.858296;-62.590846;-90.991371
1;1;-81.411038;-62.590846;-5.630368
1;1;20.710585;-62.590846;-49.929189
1;1;7.199414;-62.590846;-160.421993
1;1;-102.587427;-62.590846;-178.808432
1;1;-151.361005;-62.590846;-78.746704
1;1;-69.244604;-62.590846;-3.592807
1;1;26.115609;-62.590846;-61.017898
1;1;-1.900618;-62.590846;-168.750449
1;1;-113.155121;-62.590846;-172.444659
1;1;-148.256284;-62.590846;-66.807924
1;1;-56.915526;-62.590846;-3.183419
1;1;30.005474;-62.590846;-72.724422
1;1;-12.022881;-62.590846;-175.801233
1;1;-122.787592;-62.590846;-164.738216
1;1;-143.598757;-62.590846;-55.385087
1;1;-44.640727;-62.590846;-4.409408
1;1;32.311740;-62.590846;-84.842793
1;1;-22.989280;-62.590846;-181.450291
1;1;-131.315363;-62.590846;-155.824694
1;1;-137.470370;-62.590846;-44.679171
1;1;-32.636172;-62.590846;-7.249203
1;1;32.993830;-62.590846;-97.159794
1;1;-34.606868;-62.590846;-185.598231
1;1;-138.588394;-62.590846;-145.860921
1;1;-129.978950;-62.590846;-34.878539
1;1;-21.113076;-62.590846;-11.652840
1;1;32.039743;-62.590846;-109.458716
1;1;-46.671241;-62.590846;-188.172072
1;1;-144.478720;-62.590846;-135.022202
1;1;-121.256302;-62.590846;-26.155628
1;1;-10.274180;-62.590846;-17.542838
1;1;29.466265;-62.590846;-121.523166
1;1;-58.970134;-62.590846;-189.126530
1;1;-148.882703;-62.590846;-123.499238
1;1;-111.455896;-62.590846;-18.663912
1;1;-0.310187;-62.590846;-24.815569
1;1;25.318675;-62.590846;-133.140880
1;1;-71.287156;-62.590846;-188.444812
1;1;-151.722860;-62.590846;-111.494770
1;1;-100.750165;-62.590846;-12.535203
1;1;8.603592;-62.590846;-33.343071
1;1;19.669948;-62.590846;-144.107449
1;1;-83.405596;-62.590846;-186.138911
1;1;-152.949219;-62.590846;-99.220007
1;1;-89.327468;-62.590846;-7.877332
1;1;16.310325;-62.590846;-42.975310
1;1;12.619469;-62.590846;-154.229924
1;1;-95.112237;-62.590846;-182.249399
1;1;-152.540203;-62.590846;-86.890917
1;1;-77.388782;-62.590846;-4.772250
1;1;22.674417;-62.590846;-53.542812
1;1;4.291287;-62.590846;-163.330207
1;1;-106.201110;-62.590846;-176.844710
1;1;-150.503009;-62.590846;-74.724422
1;1;-65.144160;-62.590846;-3.274591
1;1;27.583895;-62.590846;-64.859648
1;1;-5.168069;-62.590846;-171.248183
1;1;-116.477111;-62.590846;-170.019934
1;1;-146.873479;-62.590846;-62.934584
1;1;-52.809038;-62.590846;-3.410704
1;1;30.952381;-62.590846;-76.726706
1;1;-15.592167;-62.590846;-177.844542
1;1;-125.759441;-62.590846;-161.895151
1;1;-141.715474;-62.590846;-51.728838
1;1;5.760438;-60.141875;-30.371308
1;1;21.713149;-60.141875;-140.538102
1;1;-79.403283;-60.141875;-187.085697
1;1;-152.721811;-60.141875;-103.326489
1;1;-93.200766;-60.141875;-9.260253
1;1;13.885500;-60.141875;-39.653393
1;1;15.117105;-60.141875;-150.962398
1;1;-91.270443;-60.141875;-183.717570
1;1;-152.858296;-60.141875;-90.991371
1;1;-81.411038;-60.141875;-5.630368
1;1;20.710585;-60.141875;-49.929189
1;1;7.199414;-60.141875;-160.421993
1;1;-102.587427;-60.141875;-178.808432
1;1;-151.361005;-60.141875;-78.746704
1;1;-69.244604;-60.141875;-3.592807
1;1;26.115609;-60.141875;-61.017898
1;1;-1.900618;-60.141875;-168.750449
1;1;-113.155121;-60.141875;-172.444659
1;1;-148.256284;-60.141875;-66.807924
1;1;-56.915526;-60.141875;-3.183419
1;1;30.005474;-60.141875;-72.724422
1;1;-12.022881;-60.141875;-175.801233
1;1;-122.787592;-60.141875;-164.738216
1;1;-143.598757;-60.141875;-55.385087
1;1;-44.640727;-60.141875;-4.409408
1;1;32.311740;-60.141875;-84.842793
1;1;-22.989280;-60.141875;-181.450291
1;1;-131.315363;-60.141875;-155.824694
1;1;-137.470370;-60.141875;-44.679171
1;1;-32.636172;-60.141875;-7.249203
1;1;32.993830;-60.141875;-97.159794
1;1;-34.606868;-60.141875;-185.598231
1;1;-138.588394;-60.141875;-145.860921
1;1;-129.978950;-60.141875;-34.878539
1;1;-21.113076;-60.141875;-11.652840
1;1;32.039743;-60.141875;-109.458716
1;1;-46.671241;-60.141875;-188.172072
1;1;-144.478720;-60.141875;-135.022202
1;1;-121.256302;-60.141875;-26.155628
1;1;-10.274180;-60.141875;-17.542838
1;1;29.466265;-60.141875;-121.523166
1;1;-58.970134;-60.141875;-189.126530
1;1;-148.882703;-60.141875;-123.499238
1;1;-111.455896;-60.141875;-18.663912
1;1;-0.310187;-60.141875;-24.815569
1;1;25.318675;-60.141875;-133.140880
1;1;-71.287156;-60.141875;-188.444812
1;1;-151.722860;-60.141875;-111.494770
1;1;-100.750165;-60.141875;-12.535203
1;1;8.603592;-60.141875;-33.343071
1;1;19.669948;-60.141875;-144.107449
1;1;-83.405596;-60.141875;-186.138911
1;1;-152.949219;-60.141875;-99.220007
1;1;-89.327468;-60.141875;-7.877332
1;1;16.310325;-60.141875;-42.975310
1;1;12.619469;-60.141875;-154.229924
1;1;-95.112237;-60.141875;-182.249399
1;1;-152.540203;-60.141875;-86.890917
1;1;-77.388782;-60.141875;-4.772250
1;1;22.674417;-60.141875;-53.542812
1;1;4.291287;-60.141875;-163.330207
1;1;-106.201110;-60.141875;-176.844710
1;1;-150.503009;-60.141875;-74.724422
1;1;-65.144160;-60.141875;-3.274591
1;1;27.583895;-60.141875;-64.859648
1;1;-5.168069;-60.141875;-171.248183
1;1;-116.477111;-60.141875;-170.019934
1;1;-146.873479;-60.141875;-62.934584
1;1;-52.809038;-60.141875;-3.410704
1;1;30.952381;-60.141875;-76.726706
1;1;-15.592167;-60.141875;-177.844542
1;1;-125.759441;-60.141875;-161.895151
1;1;-141.715474;-60.141875;-51.728838
1;1;5.760438;-56.827465;-30.371308
1;1;21.713149;-56.827465;-140.538102
1;1;-79.403283;-56.827465;-187.085697
1;1;-152.721811;-56.827465;-103.326489
1;1;-93.200766;-56.827465;-9.260253
1;1;13.885500;-56.827465;-39.653393
1;1;15.117105;-56.827465;-150.962398
1;1;-91.270443;-56.827465;-183.717570
1;1;-152.858296;-56.827465;-90.991371
1;1;-81.411038;-56.827465;-5.630368
1;1;20.710585;-56.827465;-49.929189
1;1;7.199414;-56.827465;-160.421993
1;1;-102.587427;-56.827465;-178.808432
1;1;-151.361005;-56.827465;-78.746704
1;1;-69.244604;-56.827465;-3.592807
1;1;26.115609;-56.827465;-61.017898
1;1;-1.900618;-56.827465;-168.750449
1;1;-113.155121;-56.827465;-172.444659
1;1;-148.256284;-56.827465;-66.807924
1;1;-56.915526;-56.827465;-3.183419
1;1;30.005474;-56.827465;-72.724422
1;1;-12.022881;-56.827465;-175.801233
1;1;-122.787592;-56.827465;-164.738216
1;1;-143.598757;-56.827465;-55.385087
1;1;-44.640727;-56.827465;-4.409408
1;1;32.311740;-56.827465;-84.842793
1;1;-22.989280;-56.827465;-181.450291
1;1;-131.315363;-56.827465;-155.824694
1;1;-137.470370;-56.827465;-44.679171
1;1;-32.636172;-56.827465;-7.249203
1;1;32.993830;-56.827465;-97.159794
1;1;-34.606868;-56.827465;-185.598231
1;1;-138.588394;-56.827465;-145.860921
1;1;-129.978950;-56.827465;-34.878539
1;1;-21.113076;-56.827465;-11.652840
1;1;32.039743;-56.827465;-109.458716
1;1;-46.671241;-56.827465;-188.172072
1;1;-144.478720;-56.827465;-135.022202
1;1;-121.256302;-56.827465;-26.155628
1;1;-10.274180;-56.827465;-17.542838
1;1;29.466265;-56.827465;-121.523166
1;1;-58.970134;-56.827465;-189.126530
1;1;-148.882703;-56.827465;-123.499238
1;1;-111.455896;-56.827465;-18.663912
1;1;-0.310187;-56.827465;-24.815569
1;1;25.318675;-56.827465;-133.140880
1;1;-71.287156;-56.827465;-188.444812
1;1;-151.722860;-56.827465;-111.494770
1;1;-100.750165;-56.827465;-12.535203
1;1;8.603592;-56.827465;-33.343071
1;1;19.669948;-56.827465;-144.107449
1;1;-83.405596;-56.827465;-186.138911
1;1;-152.949219;-56.827465;-99.220007
1;1;-89.327468;-56.827465;-7.877332
1;1;16.310325;-56.827465;-42.975310
1;1;12.619469;-56.827465;-154.229924
1;1;-95.112237;-56.827465;-182.249399
1;1;-152.540203;-56.827465;-86.890917
1;1;-77.388782;-56.827465;-4.772250
1;1;22.674417;-56.827465;-53.542812
1;1;4.291287;-56.827465;-163.330207
1;1;-106.201110;-56.827465;-176.844710
1;1;-150.503009;-56.827465;-74.724422
1;1;-65.144160;-56.827465;-3.274591
1;1;27.583895;-56.827465;-64.859648
1;1;-5.168069;-56.827465;-171.248183
1;1;-116.477111;-56.827465;-170.019934
1;1;-146.873479;-56.827465;-62.934584
1;1;-52.809038;-56.827465;-3.410704
1;1;30.952381;-56.827465;-76.726706
1;1;-15.592167;-56.827465;-177.844542
1;1;-125.759441;-56.827465;-161.895151
1;1;-141.715474;-56.827465;-51.728838
1;1;5.760438;-53.569732;-30.371308
1;1;21.713149;-53.569732;-140.538102
1;1;-79.403283;-53.569732;-187.085697
1;1;-152.721811;-53.569732;-103.326489
1;1;-93.200766;-53.569732;-9.260253
1;1;13.885500;-53.569732;-39.653393
1;1;15.117105;-53.569732;-150.962398
1;1;-91.270443;-53.569732;-183.717570
1;1;-152.858296;-53.569732;-90.991371
1;1;-81.411038;-53.569732;-5.630368
1;1;20.710585;-53.569732;-49.929189
1;1;7.199414;-53.569732;-160.421993
1;1;-102.587427;-53.569732;-178.808432
1;1;-151.361005;-53.569732;-78.746704
1;1;-69.244604;-53.569732;-3.592807
1;1;26.115609;-53.569732;-61.017898
1;1;-1.900618;-53.569732;-168.750449
1;1;-113.155121;-53.569732;-172.444659
1;1;-148.256284;-53.569732;-66.807924
1;1;-56.915526;-53.569732;-3.183419
1;1;30.005474;-53.569732;-72.724422
1;1;-12.022881;-53.569732;-175.801233
1;1;-122.787592;-53.569732;-164.738216
1;1;-143.598757;-53.569732;-55.385087
1;1;-44.640727;-53.569732;-4.409408
1;1;32.311740;-53.569732;-84.842793
1;1;-22.989280;-53.569732;-181.450291
1;1;-131.315363;-53.569732;-155.824694
1;1;-137.470370;-53.569732;-44.679171
1;1;-32.636172;-53.569732;-7.249203
1;1;32.993830;-53.569732;-97.159794
1;1;-34.606868;-53.569732;-185.598231
1;1;-138.588394;-53.569732;-145.860921
1;1;-129.978950;-53.569732;-34.878539
1;1;-21.113076;-53.569732;-11.652840
1;1;32.039743;-53.569732;-109.458716
1;1;-46.671241;-53.569732;-188.172072
1;1;-144.478720;-53.569732;-135.022202
1;1;-121.256302;-53.569732;-26.155628
1;1;-10.274180;-53.569732;-17.542838
1;1;29.466265;-53.569732;-121.523166
1;1;-58.970134;-53.569732;-189.126530
1;1;-148.882703;-53.569732;-123.499238
1;1;-111.455896;-53.569732;-18.663912
1;1;-0.310187;-53.569732;-24.815569
1;1;25.318675;-53.569732;-133.140880
1;1;-71.287156;-53.569732;-188.444812
1;1;-151.722860;-53.569732;-111.494770
1;1;-100.750165;-53.569732;-12.535203
1;1;8.603592;-53.569732;-33.343071
1;1;19.669948;-53.569732;-144.107449
1;1;-83.405596;-53.569732;-186.138911
1;1;-152.949219;-53.569732;-99.220007
1;1;-89.327468;-53.569732;-7.877332
1;1;16.310325;-53.569732;-42.975310
1;1;12.619469;-53.569732;-154.229924
1;1;-95.112237;-53.569732;-182.249399
1;1;-152.540203;-53.569732;-86.890917
1;1;-77.388782;-53.569732;-4.772250
1;1;22.674417;-53.569732;-53.542812
1;1;4.291287;-53.569732;-163.330207
1;1;-106.201110;-53.569732;-176.844710
1;1;-150.503009;-53.569732;-74.724422
1;1;-65.144160;-53.569732;-3.274591
1;1;27.583895;-53.569732;-64.859648
1;1;-5.168069;-53.569732;-171.248183
1;1;-116.477111;-53.569732;-170.019934
1;1;-146.873479;-53.569732;-62.934584
1;1;-52.809038;-53.569732;-3.410704
1;1;30.952381;-53.569732;-76.726706
1;1;-15.592167;-53.569732;-177.844542
1;1;-125.759441;-53.569732;-161.895151
1;1;-141.715474;-53.569732;-51.728838
1;1;5.760438;-50.456455;-30.371308
1;1;21.713149;-50.456455;-140.538102
1;1;-79.403283;-50.456455;-187.085697
1;1;-152.721811;-50.456455;-103.326489
1;1;-93.200766;-50.456455;-9.260253
1;1;13.885500;-50.456455;-39.653393
1;1;15.117105;-50.456455;-150.962398
1;1;-91.270443;-50.456455;-183.717570
1;1;-152.858296;-50.456455;-90.991371
1;1;-81.411038;-50.456455;-5.630368
1;1;20.710585;-50.456455;-49.929189
1;1;7.199414;-50.456455;-160.421993
1;1;-102.587427;-50.456455;-178.808432
1;1;-151.361005;-50.456455;-78.746704
1;1;-69.244604;-50.456455;-3.592807
1;1;26.115609;-50.456455;-61.017898
1;1;-1.900618;-50.456455;-168.750449
1;1;-113.155121;-50.456455;-172.444659
1;1;-148.256284;-50.456455;-66.807924
1;1;-56.915526;-50.456455;-3.183419
1;1;30.005474;-50.456455;-72.724422
1;1;-12.022881;-50.456455;-175.801233
1;1;-122.787592;-50.456455;-164.738216
1;1;-143.598757;-50.456455;-55.385087
1;1;-44.640727;-50.456455;-4.409408
1;1;32.311740;-50.456455;-84.842793
1;1;-22.989280;-50.456455;-181.450291
1;1;-131.315363;-50.456455;-155.824694
1;1;-137.470370;-50.456455;-44.679171
1;1;-32.636172;-50.456455;-7.249203
1;1;32.993830;-50.456455;-97.159794
1;1;-34.606868;-50.456455;-185.598231
1;1;-138.588394;-50.456455;-145.860921
1;1;-129.978950;-50.456455;-34.878539
1;1;-21.113076;-50.456455;-11.652840
1;1;32.039743;-50.456455;-109.458716
1;1;-46.671241;-50.456455;-188.172072
1;1;-144.478720;-50.456455;-135.022202
1;1;-121.256302;-50.456455;-26.155628
1;1;-10.274180;-50.456455;-17.542838
1;1;29.466265;-50.456455;-121.523166
1;1;-58.970134;-50.456455;-189.126530
1;1;-148.882703;-50.456455;-123.499238
1;1;-111.455896;-50.456455;-18.663912
1;1;-0.310187;-50.456455;-24.815569
1;1;25.318675;-50.456455;-133.140880
1;1;-71.287156;-50.456455;-188.444812
1;1;-151.722860;-50.456455;-111.494770
1;1;-100.750165;-50.456455;-12.535203
1;1;8.603592;-50.456455;-33.343071
1;1;19.669948;-50.456455;-144.107449
1;1;-83.405596;-50.456455;-186.138911
1;1;-152.949219;-50.456455;-99.220007
1;1;-89.327468;-50.456455;-7.877332
1;1;16.310325;-50.456455;-42.975310
1;1;12.619469;-50.456455;-154.229924
1;1;-95.112237;-50.456455;-182.249399
1;1;-152.540203;-50.456455;-86.890917
1;1;-77.388782;-50.456455;-4.772250
1;1;22.674417;-50.456455;-53.542812
1;1;4.291287;-50.456455;-163.330207
1;1;-106.201110;-50.456455;-176.844710
1;1;-150.503009;-50.456455;-74.724422
1;1;-65.144160;-50.456455;-3.274591
1;1;27.583895;-50.456455;-64.859648
1;1;-5.168069;-50.456455;-171.248183
1;1;-116.477111;-50.456455;-170.019934
1;1;-146.873479;-50.456455;-62.934584
1;1;-52.809038;-50.456455;-3.410704
1;1;30.952381;-50.456455;-76.726706
1;1;-15.592167;-50.456455;-177.844542
1;1;-125.759441;-50.456455;-161.895151
1;1;-141.715474;-50.456455;-51.728838
1;1;5.760438;-47.445347;-30.371308
1;1;21.713149;-47.445347;-140.538102
1;1;-79.403283;-47.445347;-187.085697
1;1;-152.721811;-47.445347;-103.326489
1;1;-93.200766;-47.445347;-9.260253
1;1;13.885500;-47.445347;-39.653393
1;1;15.117105;-47.445347;-150.962398
1;1;-91.270443;-47.445347;-183.717570
1;1;-152.858296;-47.445347;-90.991371
1;1;-81.411038;-47.445347;-5.630368
1;1;20.710585;-47.445347;-49.929189
1;1;7.199414;-47.445347;-160.421993
1;1;-102.587427;-47.445347;-178.808432
1;1;-151.361005;-47.445347;-78.746704
1;1;-69.244604;-47.445347;-3.592807
1;1;26.115609;-47.445347;-61.017898
1;1;-1.900618;-47.445347;-168.750449
1;1;-113.155121;-47.445347;-172.444659
1;1;-148.256284;-47.445347;-66.807924
1;1;-56.915526;-47.445347;-3.183419
1;1;30.005474;-47.445347;-72.724422
1;1;-12.022881;-47.445347;-175.801233
1;1;-122.787592;-47.445347;-164.738216
1;1;-143.598757;-47.445347;-55.385087
1;1;-44.640727;-47.445347;-4.409408
1;1;32.311740;-47.445347;-84.842793
1;1;-22.989280;-47.445347;-181.450291
1;1;-131.315363;-47.445347;-155.824694
1;1;-137.470370;-47.445347;-44.679171
1;1;-32.636172;-47.445347;-7.249203
1;1;32.993830;-47.445347;-97.159794
1;1;-34.606868;-47.445347;-185.598231
1;1;-138.588394;-47.445347;-145.860921
1;1;-129.978950;-47.445347;-34.878539
1;1;-21.113076;-47.445347;-11.652840
1;1;32.039743;-47.445347;-109.458716
1;1;-46.671241;-47.445347;-188.172072
1;1;-144.478720;-47.445347;-135.022202
1;1;-121.256302;-47.445347;-26.155628
1;1;-10.274180;-47.445347;-17.542838
1;1;29.466265;-47.445347;-121.523166
1;1;-58.970134;-47.445347;-189.126530
1;1;-148.882703;-47.445347;-123.499238
1;1;-111.455896;-47.445347;-18.663912
1;1;-0.310187;-47.445347;-24.815569
1;1;25.318675;-47.445347;-133.140880
1;1;-71.287156;-47.445347;-188.444812
1;1;-151.722860;-47.445347;-111.494770
1;1;-100.750165;-47.445347;-12.535203
1;1;8.603592;-47.445347;-33.343071
1;1;19.669948;-47.445347;-144.107449
1;1;-83.405596;-47.445347;-186.138911
1;1;-152.949219;-47.445347;-99.220007
1;1;-89.327468;-47.445347;-7.877332
1;1;16.310325;-47.445347;-42.975310
1;1;12.619469;-47.445347;-154.229924
1;1;-95.112237;-47.445347;-182.249399
1;1;-152.540203;-47.445347;-86.890917
1;1;-77.388782;-47.445347;-4.772250
1;1;22.674417;-47.445347;-53.542812
1;1;4.291287;-47.445347;-163.330207
1;1;-106.201110;-47.445347;-176.844710
1;1;-150.503009;-47.445347;-74.724422
1;1;-65.144160;-47.445347;-3.274591
1;1;27.583895;-47.445347;-64.859648
1;1;-5.168069;-47.445347;-171.248183
1;1;-116.477111;-47.445347;-170.019934
1;1;-146.873479;-47.445347;-62.934584
1;1;-52.809038;-47.445347;-3.410704
1;1;30.952381;-47.445347;-76.726706
1;1;-15.592167;-47.445347;-177.844542
1;1;-125.759441;-47.445347;-161.895151
1;1;-141.715474;-47.445347;-51.728838
1;1;5.760438;-45.280570;-30.371308
1;1;21.713149;-45.280570;-140.538102
1;1;-79.403283;-45.280570;-187.085697
1;1;-152.721811;-45.280570;-103.326489
1;1;-93.200766;-45.280570;-9.260253
1;1;13.885500;-45.280570;-39.653393
1;1;15.117105;-45.280570;-150.962398
1;1;-91.270443;-45.280570;-183.717570
1;1;-152.858296;-45.280570;-90.991371
1;1;-81.411038;-45.280570;-5.630368
1;1;20.710585;-45.280570;-49.929189
1;1;7.199414;-45.280570;-160.421993
1;1;-102.587427;-45.280570;-178.808432
1;1;-151.361005;-45.280570;-78.746704
1;1;-69.244604;-45.280570;-3.592807
1;1;26.115609;-45.280570;-61.017898
1;1;-1.900618;-45.280570;-168.750449
1;1;-113.155121;-45.280570;-172.444659
1;1;-148.256284;-45.280570;-66.807924
1;1;-56.915526;-45.280570;-3.183419
1;1;30.005474;-45.280570;-72.724422
1;1;-12.022881;-45.280570;-175.801233
1;1;-122.787592;-45.280570;-164.738216
1;1;-143.598757;-45.280570;-55.385087
1;1;-44.640727;-45.280570;-4.409408
1;1;32.311740;-45.280570;-84.842793
1;1;-22.989280;-45.280570;-181.450291
1;1;-131.315363;-45.280570;-155.824694
1;1;-137.470370;-45.280570;-44.679171
1;1;-32.636172;-45.280570;-7.249203
1;1;32.993830;-45.280570;-97.159794
1;1;-34.606868;-45.280570;-185.598231
1;1;-138.588394;-45.280570;-145.860921
1;1;-129.978950;-45.280570;-34.878539
1;1;-21.113076;-45.280570;-11.652840
1;1;32.039743;-45.280570;-109.458716
1;1;-46.671241;-45.280570;-188.172072
1;1;-144.478720;-45.280570;-135.022202
1;1;-121.256302;-45.280570;-26.155628
1;1;-10.274180;-45.280570;-17.542838
1;1;29.466265;-45.280570;-121.523166
1;1;-58.970134;-45.280570;-189.126530
1;1;-148.882703;-45.280570;-123.499238
1;1;-111.455896;-45.280570;-18.663912
1;1;-0.310187;-45.280570;-24.815569
1;1;25.318675;-45.280570;-133.140880
1;1;-71.287156;-45.280570;-188.444812
1;1;-151.722860;-45.280570;-111.494770
1;1;-100.750165;-45.280570;-12.535203
1;1;8.603592;-45.280570;-33.343071
1;1;19.669948;-45.280570;-144.107449
1;1;-83.405596;-45.280570;-186.138911
1;1;-152.949219;-45.280570;-99.220007
1;1;-89.327468;-45.280570;-7.877332
1;1;16.310325;-45.280570;-42.975310
1;1;12.619469;-45.280570;-154.229924
1;1;-95.112237;-45.280570;-182.249399
1;1;-152.540203;-45.280570;-86.890917
1;1;-77.388782;-45.280570;-4.772250
1;1;22.674417;-45.280570;-53.542812
1;1;4.291287;-45.280570;-163.330207
1;1;-106.201110;-45.280570;-176.844710
1;1;-150.503009;-45.280570;-74.724422
1;1;-65.144160;-45.280570;-3.274591
1;1;27.583895;-45.280570;-64.859648
1;1;-5.168069;-45.280570;-171.248183
1;1;-116.477111;-45.280570;-170.019934
1;1;-146.873479;-45.280570;-62.934584
1;1;-52.809038;-45.280570;-3.410704
1;1;30.952381;-45.280570;-76.726706
1;1;-15.592167;-45.280570;-177.844542
1;1;-125.759441;-45.280570;-161.895151
1;1;-141.715474;-45.280570;-51.728838
1;1;5.760438;-41.811183;-30.371308
1;1;21.713149;-41.811183;-140.538102
1;1;-79.403283;-41.811183;-187.085697
1;1;-152.721811;-41.811183;-103.326489
1;1;-93.200766;-41.811183;-9.260253
1;1;13.885500;-41.811183;-39.653393
1;1;15.117105;-41.811183;-150.962398
1;1;-91.270443;-41.811183;-183.717570
1;1;-152.858296;-41.811183;-90.991371
1;1;-81.411038;-41.811183;-5.630368
1;1;20.710585;-41.811183;-49.929189
1;1;7.199414;-41.811183;-160.421993
1;1;-102.587427;-41.811183;-178.808432
1;1;-151.361005;-41.811183;-78.746704
1;1;-69.244604;-41.811183;-3.592807
1;1;26.115609;-41.811183;-61.017898
1;1;-1.900618;-41.811183;-168.750449
1;1;-113.155121;-41.811183;-172.444659
1;1;-148.256284;-41.811183;-66.807924
1;1;-56.915526;-41.811183;-3.183419
1;1;30.005474;-41.811183;-72.724422
1;1;-12.022881;-41.811183;-175.801233
1;1;-122.787592;-41.811183;-164.738216
1;1;-143.598757;-41.811183;-55.385087
1;1;-44.640727;-41.811183;-4.409408
1;1;32.311740;-41.811183;-84.842793
1;1;-22.989280;-41.811183;-181.450291
1;1;-131.315363;-41.811183;-155.824694
1;1;-137.470370;-41.811183;-44.679171
1;1;-32.636172;-41.811183;-7.249203
1;1;32.993830;-41.811183;-97.159794
1;1;-34.606868;-41.811183;-185.598231
1;1;-138.588394;-41.811183;-145.860921
1;1;-129.978950;-41.811183;-34.878539
1;1;-21.113076;-41.811183;-11.652840
1;1;32.039743;-41.811183;-109.458716
1;1;-46.671241;-41.811183;-188.172072
1;1;-144.478720;-41.811183;-135.022202
1;1;-121.256302;-41.811183;-26.155628
1;1;-10.274180;-41.811183;-17.542838
1;1;29.466265;-41.811183;-121.523166
1;1;-58.970134;-41.811183;-189.126530
1;1;-148.882703;-41.811183;-123.499238
1;1;-111.455896;-41.811183;-18.663912
1;1;-0.310187;-41.811183;-24.815569
1;1;25.318675;-41.811183;-133.140880
1;1;-71.287156;-41.811183;-188.444812
1;1;-151.722860;-41.811183;-111.494770
1;1;-100.750165;-41.811183;-12.535203
1;1;8.603592;-41.811183;-33.343071
1;1;19.669948;-41.811183;-144.107449
1;1;-83.405596;-41.811183;-186.138911
1;1;-152.949219;-41.811183;-99.220007
1;1;-89.327468;-41.811183;-7.877332
1;1;16.310325;-41.811183;-42.975310
1;1;12.619469;-41.811183;-154.229924
1;1;-95.112237;-41.811183;-182.249399
1;1;-152.540203;-41.811183;-86.890917
1;1;-77.388782;-41.811183;-4.772250
1;1;22.674417;-41.811183;-53.542812
1;1;4.291287;-41.811183;-163.330207
1;1;-106.201110;-41.811183;-176.844710
1;1;-150.503009;-41.811183;-74.724422
1;1;-65.144160;-41.811183;-3.274591
1;1;27.583895;-41.811183;-64.859648
1;1;-5.168069;-41.811183;-171.248183
1;1;-116.477111;-41.811183;-170.019934
1;1;-146.873479;-41.811183;-62.934584
1;1;-52.809038;-41.811183;-3.410704
1;1;30.952381;-41.811183;-76.726706
1;1;-15.592167;-41.811183;-177.844542
1;1;-125.759441;-41.811183;-161.895151
1;1;-141.715474;-41.811183;-51.728838
1;1;5.760438;-38.831855;-30.371308
1;1;21.713149;-38.831855;-140.538102
1;1;-79.403283;-38.831855;-187.085697
1;1;-152.721811;-38.831855;-103.326489
1;1;-93.200766;-38.831855;-9.260253
1;1;13.885500;-38.831855;-39.653393
1;1;15.117105;-38.831855;-150.962398
1;1;-91.270443;-38.831855;-183.717570
1;1;-152.858296;-38.831855;-90.991371
1;1;-81.411038;-38.831855;-5.630368
1;1;20.710585;-38.831855;-49.929189
1;1;7.199414;-38.831855;-160.421993
1;1;-102.587427;-38.831855;-178.808432
1;1;-151.361005;-38.831855;-78.746704
1;1;-69.244604;-38.831855;-3.592807
1;1;26.115609;-38.831855;-61.017898
1;1;-1.900618;-38.831855;-168.750449
1;1;-113.155121;-38.831855;-172.444659
1;1;-148.256284;-38.831855;-66.807924
1;1;-56.915526;-38.831855;-3.183419
1;1;30.005474;-38.831855;-72.724422
1;1;-12.022881;-38.831855;-175.801233
1;1;-122.787592;-38.831855;-164.738216
1;1;-143.598757;-38.831855;-55.385087
1;1;-44.640727;-38.831855;-4.409408
1;1;32.311740;-38.831855;-84.842793
1;1;-22.989280;-38.831855;-181.450291
1;1;-131.315363;-38.831855;-155.824694
1;1;-137.470370;-38.831855;-44.679171
1;1;-32.636172;-38.831855;-7.249203
1;1;32.993830;-38.831855;-97.159794
1;1;-34.606868;-38.831855;-185.598231
1;1;-138.588394;-38.831855;-145.860921
1;1;-129.978950;-38.831855;-34.878539
1;1;-21.113076;-38.831855;-11.652840
1;1;32.039743;-38.831855;-109.458716
1;1;-46.671241;-38.831855;-188.172072
1;1;-144.478720;-38.831855;-135.022202
1;1;-121.256302;-38.831855;-26.155628
1;1;-10.274180;-38.831855;-17.542838
1;1;29.466265;-38.831855;-121.523166
1;1;-58.970134;-38.831855;-189.126530
1;1;-148.882703;-38.831855;-123.499238
1;1;-111.455896;-38.831855;-18.663912
1;1;-0.310187;-38.831855;-24.815569
1;1;25.318675;-38.831855;-133.140880
1;1;-71.287156;-38.831855;-188.444812
1;1;-151.722860;-38.831855;-111.494770
1;1;-100.750165;-38.831855;-12.535203
1;1;8.603592;-38.831855;-33.343071
1;1;19.669948;-38.831855;-144.107449
1;1;-83.405596;-38.831855;-186.138911
1;1;-152.949219;-38.831855;-99.220007
1;1;-89.327468;-38.831855;-7.877332
1;1;16.310325;-38.831855;-42.975310
1;1;12.619469;-38.831855;-154.229924
1;1;-95.112237;-38.831855;-182.249399
1;1;-152.540203;-38.831855;-86.890917
1;1;-77.388782;-38.831855;-4.772250
1;1;22.674417;-38.831855;-53.542812
1;1;4.291287;-38.831855;-163.330207
1;1;-106.201110;-38.831855;-176.844710
1;1;-150.503009;-38.831855;-74.724422
1;1;-65.144160;-38.831855;-3.274591
1;1;27.583895;-38.831855;-64.859648
1;1;-5.168069;-38.831855;-171.248183
1;1;-116.477111;-38.831855;-170.019934
1;1;-146.873479;-38.831855;-62.934584
1;1;-52.809038;-38.831855;-3.410704
1;1;30.952381;-38.831855;-76.726706
1;1;-15.592167;-38.831855;-177.844542
1;1;-125.759441;-38.831855;-161.895151
1;1;-141.715474;-38.831855;-51.728838
1;1;5.760438;-36.147966;-30.371308
1;1;21.713149;-36.147966;-140.538102
1;1;-79.403283;-36.147966;-187.085697
1;1;-152.721811;-36.147966;-103.326489
1;1;-93.200766;-36.147966;-9.260253
1;1;13.885500;-36.147966;-39.653393
1;1;15.117105;-36.147966;-150.962398
1;1;-91.270443;-36.147966;-183.717570
1;1;-152.858296;-36.147966;-90.991371
1;1;-81.411038;-36.147966;-5.630368
1;1;20.710585;-36.147966;-49.929189
1;1;7.199414;-36.147966;-160.421993
1;1;-102.587427;-36.147966;-178.808432
1;1;-151.361005;-36.147966;-78.746704
1;1;-69.244604;-36.147966;-3.592807
1;1;26.115609;-36.147966;-61.017898
1;1;-1.900618;-36.147966;-168.750449
1;1;-113.155121;-36.147966;-172.444659
1;1;-148.256284;-36.147966;-66.807924
1;1;-56.915526;-36.147966;-3.183419
1;1;30.005474;-36.147966;-72.724422
1;1;-12.022881;-36.147966;-175.801233
1;1;-122.787592;-36.147966;-164.738216
1;1;-143.598757;-36.147966;-55.385087
1;1;-44.640727;-36.147966;-4.409408
1;1;32.311740;-36.147966;-84.842793
1;1;-22.989280;-36.147966;-181.450291
1;1;-131.315363;-36.147966;-155.824694
1;1;-137.470370;-36.147966;-44.679171
1;1;-32.636172;-36.147966;-7.249203
1;1;32.993830;-36.147966;-97.159794
1;1;-34.606868;-36.147966;-185.598231
1;1;-138.588394;-36.147966;-145.860921
1;1;-129.978950;-36.147966;-34.878539
1;1;-21.113076;-36.147966;-11.652840
1;1;32.039743;-36.147966;-109.458716
1;1;-46.671241;-36.147966;-188.172072
1;1;-144.478720;-36.147966;-135.022202
1;1;-121.256302;-36.147966;-26.155628
1;1;-10.274180;-36.147966;-17.542838
1;1;29.466265;-36.147966;-121.523166
1;1;-58.970134;-36.147966;-189.126530
1;1;-148.882703;-36.147966;-123.499238
1;1;-111.455896;-36.147966;-18.663912
1;1;-0.310187;-36.147966;-24.815569
1;1;25.318675;-36.147966;-133.140880
1;1;-71.287156;-36.147966;-188.444812
1;1;-151.722860;-36.147966;-111.494770
1;1;-100.750165;-36.147966;-12.535203
1;1;8.603592;-36.147966;-33.343071
1;1;19.669948;-36.147966;-144.107449
1;1;-83.405596;-36.147966;-186.138911
1;1;-152.949219;-36.147966;-99.220007
1;1;-89.327468;-36.147966;-7.877332
1;1;16.310325;-36.147966;-42.975310
1;1;12.619469;-36.147966;-154.229924
1;1;-95.112237;-36.147966;-182.249399
1;1;-152.540203;-36.147966;-86.890917
1;1;-77.388782;-36.147966;-4.772250
1;1;22.674417;-36.147966;-53.542812
1;1;4.291287;-36.147966;-163.330207
1;1;-106.201110;-36.147966;-176.844710
1;1;-150.503009;-36.147966;-74.724422
1;1;-65.144160;-36.147966;-3.274591
1;1;27.583895;-36.147966;-64.859648
1;1;-5.168069;-36.147966;-171.248183
1;1;-116.477111;-36.147966;-170.019934
1;1;-146.873479;-36.147966;-62.934584
1;1;-52.809038;-36.147966;-3.410704
1;1;30.952381;-36.147966;-76.726706
1;1;-15.592167;-36.147966;-177.844542
1;1;-125.759441;-36.147966;-161.895151
1;1;-141.715474;-36.147966;-51.728838
1;1;5.760438;-32.899703;-30.371308
1;1;21.713149;-32.899703;-140.538102
1;1;-79.403283;-32.899703;-187.085697
1;1;-152.721811;-32.899703;-103.326489
1;1;-93.200766;-32.899703;-9.260253
1;1;13.885500;-32.899703;-39.653393
1;1;15.117105;-32.899703;-150.962398
1;1;-91.270443;-32.899703;-183.717570
1;1;-152.858296;-32.899703;-90.991371
1;1;-81.411038;-32.899703;-5.630368
1;1;20.710585;-32.899703;-49.929189
1;1;7.199414;-32.899703;-160.421993
1;1;-102.587427;-32.899703;-178.808432
1;1;-151.361005;-32.899703;-78.746704
1;1;-69.244604;-32.899703;-3.592807
1;1;26.115609;-32.899703;-61.017898
1;1;-1.900618;-32.899703;-168.750449
1;1;-113.155121;-32.899703;-172.444659
1;1;-148.256284;-32.899703;-66.807924
1;1;-56.915526;-32.899703;-3.183419
1;1;30.005474;-32.899703;-72.724422
1;1;-12.022881;-32.899703;-175.801233
1;1;-122.787592;-32.899703;-164.738216
1;1;-143.598757;-32.899703;-55.385087
1;1;-44.640727;-32.899703;-4.409408
1;1;32.311740;-32.899703;-84.842793
1;1;-22.989280;-32.899703;-181.450291
1;1;-131.315363;-32.899703;-155.824694
1;1;-137.470370;-32.899703;-44.679171
1;1;-32.636172;-32.899703;-7.249203
1;1;32.993830;-32.899703;-97.159794
1;1;-34.606868;-32.899703;-185.598231
1;1;-138.588394;-32.899703;-145.860921
1;1;-129.978950;-32.899703;-34.878539
1;1;-21.113076;-32.899703;-11.652840
1;1;32.039743;-32.899703;-109.458716
1;1;-46.671241;-32.899703;-188.172072
1;1;-144.478720;-32.899703;-135.022202
1;1;-121.256302;-32.899703;-26.155628
1;1;-10.274180;-32.899703;-17.542838
1;1;29.466265;-32.899703;-121.523166
1;1;-58.970134;-32.899703;-189.126530
1;1;-148.882703;-32.899703;-123.499238
1;1;-111.455896;-32.899703;-18.663912
1;1;-0.310187;-32.899703;-24.815569
1;1;25.318675;-32.899703;-133.140880
1;1;-71.287156;-32.899703;-188.444812
1;1;-151.722860;-32.899703;-111.494770
1;1;-100.750165;-32.899703;-12.535203
1;1;8.603592;-32.899703;-33.343071
1;1;19.669948;-32.899703;-144.107449
1;1;-83.405596;-32.899703;-186.138911
1;1;-152.949219;-32.899703;-99.220007
1;1;-89.327468;-32.899703;-7.877332
1;1;16.310325;-32.899703;-42.975310
1;1;12.619469;-32.899703;-154.229924
1;1;-95.112237;-32.899703;-182.249399
1;1;-152.540203;-32.899703;-86.890917
1;1;-77.388782;-32.899703;-4.772250
1;1;22.674417;-32.899703;-53.542812
1;1;4.291287;-32.899703;-163.330207
1;1;-106.201110;-32.899703;-176.844710
1;1;-150.503009;-32.899703;-74.724422
1;1;-65.144160;-32.899703;-3.274591
1;1;27.583895;-32.899703;-64.859648
1;1;-5.168069;-32.899703;-171.248183
1;1;-116.477111;-32.899703;-170.019934
1;1;-146.873479;-32.899703;-62.934584
1;1;-52.809038;-32.899703;-3.410704
1;1;30.952381;-32.899703;-76.726706
1;1;-15.592167;-32.899703;-177.844542
1;1;-125.759441;-32.899703;-161.895151
1;1;-141.715474;-32.899703;-51.728838
1;1;5.760438;-30.467197;-30.371308
1;1;21.713149;-30.467197;-140.538102
1;1;-79.403283;-30.467197;-187.085697
1;1;-152.721811;-30.467197;-103.326489
1;1;-93.200766;-30.467197;-9.260253
1;1;13.885500;-30.467197;-39.653393
1;1;15.117105;-30.467197;-150.962398
1;1;-91.270443;-30.467197;-183.717570
1;1;-152.858296;-30.467197;-90.991371
1;1;-81.411038;-30.467197;-5.630368
1;1;20.710585;-30.467197;-49.929189
1;1;7.199414;-30.467197;-160.421993
1;1;-102.587427;-30.467197;-178.808432
1;1;-151.361005;-30.467197;-78.746704
1;1;-69.244604;-30.467197;-3.592807
1;1;26.115609;-30.467197;-61.017898
1;1;-1.900618;-30.467197;-168.750449
1;1;-113.155121;-30.467197;-172.444659
1;1;-148.256284;-30.467197;-66.807924
1;1;-56.915526;-30.467197;-3.183419
1;1;30.005474;-30.467197;-72.724422
1;1;-12.022881;-30.467197;-175.801233
1;1;-122.787592;-30.467197;-164.738216
1;1;-143.598757;-30.467197;-55.385087
1;1;-44.640727;-30.467197;-4.409408
1;1;32.311740;-30.467197;-84.842793
1;1;-22.989280;-30.467197;-181.450291
1;1;-131.315363;-30.467197;-155.824694
1;1;-137.470370;-30.467197;-44.679171
1;1;-32.636172;-30.467197;-7.249203
1;1;32.993830;-30.467197;-97.159794
1;1;-34.606868;-30.467197;-185.598231
1;1;-138.588394;-30.467197;-145.860921
1;1;-129.978950;-30.467197;-34.878539
1;1;-21.113076;-30.467197;-11.652840
1;1;32.039743;-30.467197;-109.458716
1;1;-46.671241;-30.467197;-188.172072
1;1;-144.478720;-30.467197;-135.022202
1;1;-121.256302;-30.467197;-26.155628
1;1;-10.274180;-30.467197;-17.542838
1;1;29.466265;-30.467197;-121.523166
1;1;-58.970134;-30.467197;-189.126530
1;1;-148.882703;-30.467197;-123.499238
1;1;-111.455896;-30.467197;-18.663912
1;1;-0.310187;-30.467197;-24.815569
1;1;25.318675;-30.467197;-133.140880
1;1;-71.287156;-30.467197;-188.444812
1;1;-151.722860;-30.467197;-111.494770
1;1;-100.750165;-30.467197;-12.535203
1;1;8.603592;-30.467197;-33.343071
1;1;19.669948;-30.467197;-144.107449
1;1;-83.405596;-30.467197;-186.138911
1;1;-152.949219;-30.467197;-99.220007
1;1;-89.327468;-30.467197;-7.877332
1;1;16.310325;-30.467197;-42.975310
1;1;12.619469;-30.467197;-154.229924
1;1;-95.112237;-30.467197;-182.249399
1;1;-152.540203;-30.467197;-86.890917
1;1;-77.388782;-30.467197;-4.772250
1;1;22.674417;-30.467197;-53.542812
1;1;4.291287;-30.467197;-163.330207
1;1;-106.201110;-30.467197;-176.844710
1;1;-150.503009;-30.467197;-74.724422
1;1;-65.144160;-30.467197;-3.274591
1;1;27.583895;-30.467197;-64.859648
1;1;-5.168069;-30.467197;-171.248183
1;1;-116.477111;-30.467197;-170.019934
1;1;-146.873479;-30.467197;-62.934584
1;1;-52.809038;-30.467197;-3.410704
1;1;30.952381;-30.467197;-76.726706
1;1;-15.592167;-30.467197;-177.844542
1;1;-125.759441;-30.467197;-161.895151
1;1;-141.715474;-30.467197;-51.728838
1;1;5.760438;-26.948526;-30.371308
1;1;21.713149;-26.948526;-140.538102
1;1;-79.403283;-26.948526;-187.085697
1;1;-152.721811;-26.948526;-103.326489
1;1;-93.200766;-26.948526;-9.260253
1;1;13.885500;-26.948526;-39.653393
1;1;15.117105;-26.948526;-150.962398
1;1;-91.270443;-26.948526;-183.717570
1;1;-152.858296;-26.948526;-90.991371
1;1;-81.411038;-26.948526;-5.630368
1;1;20.710585;-26.948526;-49.929189
1;1;7.199414;-26.948526;-160.421993
1;1;-102.587427;-26.948526;-178.808432
1;1;-151.361005;-26.948526;-78.746704
1;1;-69.244604;-26.948526;-3.592807
1;1;26.115609;-26.948526;-61.017898
1;1;-1.900618;-26.948526;-168.750449
1;1;-113.155121;-26.948526;-172.444659
1;1;-148.256284;-26.948526;-66.807924
1;1;-56.915526;-26.948526;-3.183419
1;1;30.005474;-26.948526;-72.724422
1;1;-12.022881;-26.948526;-175.801233
1;1;-122.787592;-26.948526;-164.738216
1;1;-143.598757;-26.948526;-55.385087
1;1;-44.640727;-26.948526;-4.409408
1;1;32.311740;-26.948526;-84.842793
1;1;-22.989280;-26.948526;-181.450291
1;1;-131.315363;-26.948526;-155.824694
1;1;-137.470370;-26.948526;-44.679171
1;1;-32.636172;-26.948526;-7.249203
1;1;32.993830;-26.948526;-97.159794
1;1;-34.606868;-26.948526;-185.598231
1;1;-138.588394;-26.948526;-145.860921
1;1;-129.978950;-26.948526;-34.878539
1;1;-21.113076;-26.948526;-11.652840
1;1;32.039743;-26.948526;-109.458716
1;1;-46.671241;-26.948526;-188.172072
1;1;-144.478720;-26.948526;-135.022202
1;1;-121.256302;-26.948526;-26.155628
1;1;-10.274180;-26.948526;-17.542838
1;1;29.466265;-26.948526;-121.523166
1;1;-58.970134;-26.948526;-189.126530
1;1;-148.882703;-26.948526;-123.499238
1;1;-111.455896;-26.948526;-18.663912
1;1;-0.310187;-26.948526;-24.815569
1;1;25.318675;-26.948526;-133.140880
1;1;-71.287156;-26.948526;-188.444812
1;1;-151.722860;-26.948526;-111.494770
1;1;-100.750165;-26.948526;-12.535203
1;1;8.603592;-26.948526;-33.343071
1;1;19.669948;-26.948526;-144.107449
1;1;-83.405596;-26.948526;-186.138911
1;1;-152.949219;-26.948526;-99.220007
1;1;-89.327468;-26.948526;-7.877332
1;1;16.310325;-26.948526;-42.975310
1;1;12.619469;-26.948526;-154.229924
1;1;-95.112237;-26.948526;-182.249399
1;1;-152.540203;-26.948526;-86.890917
1;1;-77.388782;-26.948526;-4.772250
1;1;22.674417;-26.948526;-53.542812
1;1;4.291287;-26.948526;-163.330207
1;1;-106.201110;-26.948526;-176.844710
1;1;-150.503009;-26.948526;-74.724422
1;1;-65.144160;-26.948526;-3.274591
1;1;27.583895;-26.948526;-64.859648
1;1;-5.168069;-26.948526;-171.248183
1;1;-116.477111;-26.948526;-170.019934
1;1;-146.873479;-26.948526;-62.934584
1;1;-52.809038;-26.948526;-3.410704
1;1;30.952381;-26.948526;-76.726706
1;1;-15.592167;-26.948526;-177.844542
1;1;-125.759441;-26.948526;-161.895151
1;1;-141.715474;-26.948526;-51.728838
1;1;5.760438;-24.134465;-30.371308
1;1;21.713149;-24.134465;-140.538102
1;1;-79.403283;-24.134465;-187.085697
1;1;-152.721811;-24.134465;-103.326489
1;1;-93.200766;-24.134465;-9.260253
1;1;13.885500;-24.134465;-39.653393
1;1;15.117105;-24.134465;-150.962398
1;1;-91.270443;-24.134465;-183.717570
1;1;-152.858296;-24.134465;-90.991371
1;1;-81.411038;-24.134465;-5.630368
1;1;20.710585;-24.134465;-49.929189
1;1;7.199414;-24.134465;-160.421993
1;1;-102.587427;-24.134465;-178.808432
1;1;-151.361005;-24.134465;-78.746704
1;1;-69.244604;-24.134465;-3.592807
1;1;26.115609;-24.134465;-61.017898
1;1;-1.900618;-24.134465;-168.750449
1;1;-113.155121;-24.134465;-172.444659
1;1;-148.256284;-24.134465;-66.807924
1;1;-56.915526;-24.134465;-3.183419
1;1;30.005474;-24.134465;-72.724422
1;1;-12.022881;-24.134465;-175.801233
1;1;-122.787592;-24.134465;-164.738216
1;1;-143.598757;-24.134465;-55.385087
1;1;-44.640727;-24.134465;-4.409408
1;1;32.311740;-24.134465;-84.842793
1;1;-22.989280;-24.134465;-181.450291
1;1;-131.315363;-24.134465;-155.824694
1;1;-137.470370;-24.134465;-44.679171
1;1;-32.636172;-24.134465;-7.249203
1;1;32.993830;-24.134465;-97.159794
1;1;-34.606868;-24.134465;-185.598231
1;1;-138.588394;-24.134465;-145.860921
1;1;-129.978950;-24.134465;-34.878539
1;1;-21.113076;-24.134465;-11.652840
1;1;32.039743;-24.134465;-109.458716
1;1;-46.671241;-24.134465;-188.172072
1;1;-144.478720;-24.134465;-135.022202
1;1;-121.256302;-24.134465;-26.155628
1;1;-10.274180;-24.134465;-17.542838
1;1;29.466265;-24.134465;-121.523166
1;1;-58.970134;-24.134465;-189.126530
1;1;-148.882703;-24.134465;-123.499238
1;1;-111.455896;-24.134465;-18.663912
1;1;-0.310187;-24.134465;-24.815569
1;1;25.318675;-24.134465;-133.140880
1;1;-71.287156;-24.134465;-188.444812
1;1;-151.722860;-24.134465;-111.494770
1;1;-100.750165;-24.134465;-12.535203
1;1;8.603592;-24.134465;-33.343071
1;1;19.669948;-24.134465;-144.107449
1;1;-83.405596;-24.134465;-186.138911
1;1;-152.949219;-24.134465;-99.220007
1;1;-89.327468;-24.134465;-7.877332
1;1;16.310325;-24.134465;-42.975310
1;1;12.619469;-24.134465;-154.229924
1;1;-95.112237;-24.134465;-182.249399
1;1;-152.540203;-24.134465;-86.890917
1;1;-77.388782;-24.134465;-4.772250
1;1;22.674417;-24.134465;-53.542812
1;1;4.291287;-24.134465;-163.330207
1;1;-106.201110;-24.134465;-176.844710
1;1;-150.503009;-24.134465;-74.724422
1;1;-65.144160;-24.134465;-3.274591
1;1;27.583895;-24.134465;-64.859648
1;1;-5.168069;-24.134465;-171.248183
1;1;-116.477111;-24.134465;-170.019934
1;1;-146.873479;-24.134465;-62.934584
1;1;-52.809038;-24.134465;-3.410704
1;1;30.952381;-24.134465;-76.726706
1;1;-15.592167;-24.134465;-177.844542
1;1;-125.759441;-24.134465;-161.895151
1;1;-141.715474;-24.134465;-51.728838
1;1;5.760438;-21.323423;-30.371308
1;1;21.713149;-21.323423;-140.538102
1;1;-79.403283;-21.323423;-187.085697
1;1;-152.721811;-21.323423;-103.326489
1;1;-93.200766;-21.323423;-9.260253
1;1;13.885500;-21.323423;-39.653393
1;1;15.117105;-21.323423;-150.962398
1;1;-91.270443;-21.323423;-183.717570
1;1;-152.858296;-21.323423;-90.991371
1;1;-81.411038;-21.323423;-5.630368
1;1;20.710585;-21.323423;-49.929189
1;1;7.199414;-21.323423;-160.421993
1;1;-102.587427;-21.323423;-178.808432
1;1;-151.361005;-21.323423;-78.746704
1;1;-69.244604;-21.323423;-3.592807
1;1;26.115609;-21.323423;-61.017898
1;1;-1.900618;-21.323423;-168.750449
1;1;-113.155121;-21.323423;-172.444659
1;1;-148.256284;-21.323423;-66.807924
1;1;-56.915526;-21.323423;-3.183419
1;1;30.005474;-21.323423;-72.724422
1;1;-12.022881;-21.323423;-175.801233
1;1;-122.787592;-21.323423;-164.738216
1;1;-143.598757;-21.323423;-55.385087
1;1;-44.640727;-21.323423;-4.409408
1;1;32.311740;-21.323423;-84.842793
1;1;-22.989280;-21.323423;-181.450291
1;1;-131.315363;-21.323423;-155.824694
1;1;-137.470370;-21.323423;-44.679171
1;1;-32.636172;-21.323423;-7.249203
1;1;32.993830;-21.323423;-97.159794
1;1;-34.606868;-21.323423;-185.598231
1;1;-138.588394;-21.323423;-145.860921
1;1;-129.978950;-21.323423;-34.878539
1;1;-21.113076;-21.323423;-11.652840
1;1;32.039743;-21.323423;-109.458716
1;1;-46.671241;-21.323423;-188.172072
1;1;-144.478720;-21.323423;-135.022202
1;1;-121.256302;-21.323423;-26.155628
1;1;-10.274180;-21.323423;-17.542838
1;1;29.466265;-21.323423;-121.523166
1;1;-58.970134;-21.323423;-189.126530
1;1;-148.882703;-21.323423;-123.499238
1;1;-111.455896;-21.323423;-18.663912
1;1;-0.310187;-21.323423;-24.815569
1;1;25.318675;-21.323423;-133.140880
1;1;-71.287156;-21.323423;-188.444812
1;1;-151.722860;-21.323423;-111.494770
1;1;-100.750165;-21.323423;-12.535203
1;1;8.603592;-21.323423;-33.343071
1;1;19.669948;-21.323423;-144.107449
1;1;-83.405596;-21.323423;-186.138911
1;1;-152.949219;-21.323423;-99.220007
1;1;-89.327468;-21.323423;-7.877332
1;1;16.310325;-21.323423;-42.975310
1;1;12.619469;-21.323423;-154.229924
1;1;-95.112237;-21.323423;-182.249399
1;1;-152.540203;-21.323423;-86.890917
1;1;-77.388782;-21.323423;-4.772250
1;1;22.674417;-21.323423;-53.542812
1;1;4.291287;-21.323423;-163.330207
1;1;-106.201110;-21.323423;-176.844710
1;1;-150.503009;-21.323423;-74.724422
1;1;-65.144160;-21.323423;-3.274591
1;1;27.583895;-21.323423;-64.859648
1;1;-5.168069;-21.323423;-171.248183
1;1;-116.477111;-21.323423;-170.019934
1;1;-146.873479;-21.323423;-62.934584
1;1;-52.809038;-21.323423;-3.410704
1;1;30.952381;-21.323423;-76.726706
1;1;-15.592167;-21.323423;-177.844542
1;1;-125.759441;-21.323423;-161.895151
1;1;-141.715474;-21.323423;-51.728838
1;1;5.760438;-19.032184;-30.371308
1;1;21.713149;-19.032184;-140.538102
1;1;-79.403283;-19.032184;-187.085697
1;1;-152.721811;-19.032184;-103.326489
1;1;-93.200766;-19.032184;-9.260253
1;1;13.885500;-19.032184;-39.653393
1;1;15.117105;-19.032184;-150.962398
1;1;-91.270443;-19.032184;-183.717570
1;1;-152.858296;-19.032184;-90.991371
1;1;-81.411038;-19.032184;-5.630368
1;1;20.710585;-19.032184;-49.929189
1;1;7.199414;-19.032184;-160.421993
1;1;-102.587427;-19.032184;-178.808432
1;1;-151.361005;-19.032184;-78.746704
1;1;-69.244604;-19.032184;-3.592807
1;1;26.115609;-19.032184;-61.017898
1;1;-1.900618;-19.032184;-168.750449
1;1;-113.155121;-19.032184;-172.444659
1;1;-148.256284;-19.032184;-66.807924
1;1;-56.915526;-19.032184;-3.183419
1;1;30.005474;-19.032184;-72.724422
1;1;-12.022881;-19.032184;-175.801233
1;1;-122.787592;-19.032184;-164.738216
1;1;-143.598757;-19.032184;-55.385087
1;1;-44.640727;-19.032184;-4.409408
1;1;32.311740;-19.032184;-84.842793
1;1;-22.989280;-19.032184;-181.450291
1;1;-131.315363;-19.032184;-155.824694
1;1;-137.470370;-19.032184;-44.679171
1;1;-32.636172;-19.032184;-7.249203
1;1;32.993830;-19.032184;-97.159794
1;1;-34.606868;-19.032184;-185.598231
1;1;-138.588394;-19.032184;-145.860921
1;1;-129.978950;-19.032184;-34.878539
1;1;-21.113076;-19.032184;-11.652840
1;1;32.039743;-19.032184;-109.458716
1;1;-46.671241;-19.032184;-188.172072
1;1;-144.478720;-19.032184;-135.022202
1;1;-121.256302;-19.032184;-26.155628
1;1;-10.274180;-19.032184;-17.542838
1;1;29.466265;-19.032184;-121.523166
1;1;-58.970134;-19.032184;-189.126530
1;1;-148.882703;-19.032184;-123.499238
1;1;-111.455896;-19.032184;-18.663912
1;1;-0.310187;-19.032184;-24.815569
1;1;25.318675;-19.032184;-133.140880
1;1;-71.287156;-19.032184;-188.444812
1;1;-151.722860;-19.032184;-111.494770
1;1;-100.750165;-19.032184;-12.535203
1;1;8.603592;-19.032184;-33.343071
1;1;19.669948;-19.032184;-144.107449
1;1;-83.405596;-19.032184;-186.138911
1;1;-152.949219;-19.032184;-99.220007
1;1;-89.327468;-19.032184;-7.877332
1;1;16.310325;-19.032184;-42.975310
1;1;12.619469;-19.032184;-154.229924
1;1;-95.112237;-19.032184;-182.249399
1;1;-152.540203;-19.032184;-86.890917
1;1;-77.388782;-19.032184;-4.772250
1;1;22.674417;-19.032184;-53.542812
1;1;4.291287;-19.032184;-163.330207
1;1;-106.201110;-19.032184;-176.844710
1;1;-150.503009;-19.032184;-74.724422
1;1;-65.144160;-19.032184;-3.274591
1;1;27.583895;-19.032184;-64.859648
1;1;-5.168069;-19.032184;-171.248183
1;1;-116.477111;-19.032184;-170.019934
1;1;-146.873479;-19.032184;-62.934584
1;1;-52.809038;-19.032184;-3.410704
1;1;30.952381;-19.032184;-76.726706
1;1;-15.592167;-19.032184;-177.844542
1;1;-125.759441;-19.032184;-161.895151
1;1;-141.715474;-19.032184;-51.728838
1;1;5.760438;-16.696192;-30.371308
1;1;21.713149;-16.696192;-140.538102
1;1;-79.403283;-16.696192;-187.085697
1;1;-152.721811;-16.696192;-103.326489
1;1;-93.200766;-16.696192;-9.260253
1;1;13.885500;-16.696192;-39.653393
1;1;15.117105;-16.696192;-150.962398
1;1;-91.270443;-16.696192;-183.717570
1;1;-152.858296;-16.696192;-90.991371
1;1;-81.411038;-16.696192;-5.630368
1;1;20.710585;-16.696192;-49.929189
1;1;7.199414;-16.696192;-160.421993
1;1;-102.587427;-16.696192;-178.808432
1;1;-151.361005;-16.696192;-78.746704
1;1;-69.244604;-16.696192;-3.592807
1;1;26.115609;-16.696192;-61.017898
1;1;-1.900618;-16.696192;-168.750449
1;1;-113.155121;-16.696192;-172.444659
1;1;-148.256284;-16.696192;-66.807924
1;1;-56.915526;-16.696192;-3.183419
1;1;30.005474;-16.696192;-72.724422
1;1;-12.022881;-16.696192;-175.801233
1;1;-122.787592;-16.696192;-164.738216
1;1;-143.598757;-16.696192;-55.385087
1;1;-44.640727;-16.696192;-4.409408
1;1;32.311740;-16.696192;-84.842793
1;1;-22.989280;-16.696192;-181.450291
1;1;-131.315363;-16.696192;-155.824694
1;1;-137.470370;-16.696192;-44.679171
1;1;-32.636172;-16.696192;-7.249203
1;1;32.993830;-16.696192;-97.159794
1;1;-34.606868;-16.696192;-185.598231
1;1;-138.588394;-16.696192;-145.860921
1;1;-129.978950;-16.696192;-34.878539
1;1;-21.113076;-16.696192;-11.652840
1;1;32.039743;-16.696192;-109.458716
1;1;-46.671241;-16.696192;-188.172072
1;1;-144.478720;-16.696192;-135.022202
1;1;-121.256302;-16.696192;-26.155628
1;1;-10.274180;-16.696192;-17.542838
1;1;29.466265;-16.696192;-121.523166
1;1;-58.970134;-16.696192;-189.126530
1;1;-148.882703;-16.696192;-123.499238
1;1;-111.455896;-16.696192;-18.663912
1;1;-0.310187;-16.696192;-24.815569
1;1;25.318675;-16.696192;-133.140880
1;1;-71.287156;-16.696192;-188.444812
1;1;-151.722860;-16.696192;-111.494770
1;1;-100.750165;-16.696192;-12.535203
1;1;8.603592;-16.696192;-33.343071
1;1;19.669948;-16.696192;-144.107449
1;1;-83.405596;-16.696192;-186.138911
1;1;-152.949219;-16.696192;-99.220007
1;1;-89.327468;-16.696192;-7.877332
1;1;16.310325;-16.696192;-42.975310
1;1;12.619469;-16.696192;-154.229924
1;1;-95.112237;-16.696192;-182.249399
1;1;-152.540203;-16.696192;-86.890917
1;1;-77.388782;-16.696192;-4.772250
1;1;22.674417;-16.696192;-53.542812
1;1;4.291287;-16.696192;-163.330207
1;1;-106.201110;-16.696192;-176.844710
1;1;-150.503009;-16.696192;-74.724422
1;1;-65.144160;-16.696192;-3.274591
1;1;27.583895;-16.696192;-64.859648
1;1;-5.168069;-16.696192;-171.248183
1;1;-116.477111;-16.696192;-170.019934
1;1;-146.873479;-16.696192;-62.934584
1;1;-52.809038;-16.696192;-3.410704
1;1;30.952381;-16.696192;-76.726706
1;1;-15.592167;-16.696192;-177.844542
1;1;-125.759441;-16.696192;-161.895151
1;1;-141.715474;-16.696192;-51.728838
1;1;5.760438;-14.315796;-30.371308
1;1;21.713149;-14.315796;-140.538102
1;1;-79.403283;-14.315796;-187.085697
1;1;-152.721811;-14.315796;-103.326489
1;1;-93.200766;-14.315796;-9.260253
1;1;13.885500;-14.315796;-39.653393
1;1;15.117105;-14.315796;-150.962398
1;1;-91.270443;-14.315796;-183.717570
1;1;-152.858296;-14.315796;-90.991371
1;1;-81.411038;-14.315796;-5.630368
1;1;20.710585;-14.315796;-49.929189
1;1;7.199414;-14.315796;-160.421993
1;1;-102.587427;-14.315796;-178.808432
1;1;-151.361005;-14.315796;-78.746704
1;1;-69.244604;-14.315796;-3.592807
1;1;26.115609;-14.315796;-61.017898
1;1;-1.900618;-14.315796;-168.750449
1;1;-113.155121;-14.315796;-172.444659
1;1;-148.256284;-14.315796;-66.807924
1;1;-56.915526;-14.315796;-3.183419
1;1;30.005474;-14.315796;-72.724422
1;1;-12.022881;-14.315796;-175.801233
1;1;-122.787592;-14.315796;-164.738216
1;1;-143.598757;-14.315796;-55.385087
1;1;-44.640727;-14.315796;-4.409408
1;1;32.311740;-14.315796;-84.842793
1;1;-22.989280;-14.315796;-181.450291
1;1;-131.315363;-14.315796;-155.824694
1;1;-137.470370;-14.315796;-44.679171
1;1;-32.636172;-14.315796;-7.249203
1;1;32.993830;-14.315796;-97.159794
1;1;-34.606868;-14.315796;-185.598231
1;1;-138.588394;-14.315796;-145.860921
1;1;-129.978950;-14.315796;-34.878539
1;1;-21.113076;-14.315796;-11.652840
1;1;32.039743;-14.315796;-109.458716
1;1;-46.671241;-14.315796;-188.172072
1;1;-144.478720;-14.315796;-135.022202
1;1;-121.256302;-14.315796;-26.155628
1;1;-10.274180;-14.315796;-17.542838
1;1;29.466265;-14.315796;-121.523166
1;1;-58.970134;-14.315796;-189.126530
1;1;-148.882703;-14.315796;-123.499238
1;1;-111.455896;-14.315796;-18.663912
1;1;-0.310187;-14.315796;-24.815569
1;1;25.318675;-14.315796;-133.140880
1;1;-71.287156;-14.315796;-188.444812
1;1;-151.722860;-14.315796;-111.494770
1;1;-100.750165;-14.315796;-12.535203
1;1;8.603592;-14.315796;-33.343071
1;1;19.669948;-14.315796;-144.107449
1;1;-83.405596;-14.315796;-186.138911
1;1;-152.949219;-14.315796;-99.220007
1;1;-89.327468;-14.315796;-7.877332
1;1;16.310325;-14.315796;-42.975310
1;1;12.619469;-14.315796;-154.229924
1;1;-95.112237;-14.315796;-182.249399
1;1;-152.540203;-14.315796;-86.890917
1;1;-77.388782;-14.315796;-4.772250
1;1;22.674417;-14.315796;-53.542812
1;1;4.291287;-14.315796;-163.330207
1;1;-106.201110;-14.315796;-176.844710
1;1;-150.503009;-14.315796;-74.724422
1;1;-65.144160;-14.315796;-3.274591
1;1;27.583895;-14.315796;-64.859648
1;1;-5.168069;-14.315796;-171.248183
1;1;-116.477111;-14.315796;-170.019934
1;1;-146.873479;-14.315796;-62.934584
1;1;-52.809038;-14.315796;-3.410704
1;1;30.952381;-14.315796;-76.726706
1;1;-15.592167;-14.315796;-177.844542
1;1;-125.759441;-14.315796;-161.895151
1;1;-141.715474;-14.315796;-51.728838
1;1;5.760438;-10.991586;-30.371308
1;1;21.713149;-10.991586;-140.538102
1;1;-79.403283;-10.991586;-187.085697
1;1;-152.721811;-10.991586;-103.326489
1;1;-93.200766;-10.991586;-9.260253
1;1;13.885500;-10.991586;-39.653393
1;1;15.117105;-10.991586;-150.962398
1;1;-91.270443;-10.991586;-183.717570
1;1;-152.858296;-10.991586;-90.991371
1;1;-81.411038;-10.991586;-5.630368
1;1;20.710585;-10.991586;-49.929189
1;1;7.199414;-10.991586;-160.421993
1;1;-102.587427;-10.991586;-178.808432
1;1;-151.361005;-10.991586;-78.746704
1;1;-69.244604;-10.991586;-3.592807
1;1;26.115609;-10.991586;-61.017898
1;1;-1.900618;-10.991586;-168.750449
1;1;-113.155121;-10.991586;-172.444659
1;1;-148.256284;-10.991586;-66.807924
1;1;-56.915526;-10.991586;-3.183419
1;1;30.005474;-10.991586;-72.724422
1;1;-12.022881;-10.991586;-175.801233
1;1;-122.787592;-10.991586;-164.738216
1;1;-143.598757;-10.991586;-55.385087
1;1;-44.640727;-10.991586;-4.409408
1;1;32.311740;-10.991586;-84.842793
1;1;-22.989280;-10.991586;-181.450291
1;1;-131.315363;-10.991586;-155.824694
1;1;-137.470370;-10.991586;-44.679171
1;1;-32.636172;-10.991586;-7.249203
1;1;32.993830;-10.991586;-97.159794
1;1;-34.606868;-10.991586;-185.598231
1;1;-138.588394;-10.991586;-145.860921
1;1;-129.978950;-10.991586;-34.878539
1;1;-21.113076;-10.991586;-11.652840
1;1;32.039743;-10.991586;-109.458716
1;1;-46.671241;-10.991586;-188.172072
1;1;-144.478720;-10.991586;-135.022202
1;1;-121.256302;-10.991586;-26.155628
1;1;-10.274180;-10.991586;-17.542838
1;1;29.466265;-10.991586;-121.523166
1;1;-58.970134;-10.991586;-189.126530
1;1;-148.882703;-10.991586;-123.499238
1;1;-111.455896;-10.991586;-18.663912
1;1;-0.310187;-10.991586;-24.815569
1;1;25.318675;-10.991586;-133.140880
1;1;-71.287156;-10.991586;-188.444812
1;1;-151.722860;-10.991586;-111.494770
1;1;-100.750165;-10.991586;-12.535203
1;1;8.603592;-10.991586;-33.343071
1;1;19.669948;-10.991586;-144.107449
1;1;-83.405596;-10.991586;-186.138911
1;1;-152.949219;-10.991586;-99.220007
1;1;-89.327468;-10.991586;-7.877332
1;1;16.310325;-10.991586;-42.975310
1;1;12.619469;-10.991586;-154.229924
1;1;-95.112237;-10.991586;-182.249399
1;1;-152.540203;-10.991586;-86.890917
1;1;-77.388782;-10.991586;-4.772250
1;1;22.674417;-10.991586;-53.542812
1;1;4.291287;-10.991586;-163.330207
1;1;-106.201110;-10.991586;-176.844710
1;1;-150.503009;-10.991586;-74.724422
1;1;-65.144160;-10.991586;-3.274591
1;1;27.583895;-10.991586;-64.859648
1;1;-5.168069;-10.991586;-171.248183
1;1;-116.477111;-10.991586;-170.019934
1;1;-146.873479;-10.991586;-62.934584
1;1;-52.809038;-10.991586;-3.410704
1;1;30.952381;-10.991586;-76.726706
1;1;-15.592167;-10.991586;-177.844542
1;1;-125.759441;-10.991586;-161.895151
1;1;-141.715474;-10.991586;-51.728838
1;1;5.760438;-7.772367;-30.371308
1;1;21.713149;-7.772367;-140.538102
1;1;-79.403283;-7.772367;-187.085697
1;1;-152.721811;-7.772367;-103.326489
1;1;-93.200766;-7.772367;-9.260253
1;1;13.885500;-7.772367;-39.653393
1;1;15.117105;-7.772367;-150.962398
1;1;-91.270443;-7.772367;-183.717570
1;1;-152.858296;-7.772367;-90.991371
1;1;-81.411038;-7.772367;-5.630368
1;1;20.710585;-7.772367;-49.929189
1;1;7.199414;-7.772367;-160.421993
1;1;-102.587427;-7.772367;-178.808432
1;1;-151.361005;-7.772367;-78.746704
1;1;-69.244604;-7.772367;-3.592807
1;1;26.115609;-7.772367;-61.017898
1;1;-1.900618;-7.772367;-168.750449
1;1;-113.155121;-7.772367;-172.444659
1;1;-148.256284;-7.772367;-66.807924
1;1;-56.915526;-7.772367;-3.183419
1;1;30.005474;-7.772367;-72.724422
1;1;-12.022881;-7.772367;-175.801233
1;1;-122.787592;-7.772367;-164.738216
1;1;-143.598757;-7.772367;-55.385087
1;1;-44.640727;-7.772367;-4.409408
1;1;32.311740;-7.772367;-84.842793
1;1;-22.989280;-7.772367;-181.450291
1;1;-131.315363;-7.772367;-155.824694
1;1;-137.470370;-7.772367;-44.679171
1;1;-32.636172;-7.772367;-7.249203
1;1;32.993830;-7.772367;-97.159794
1;1;-34.606868;-7.772367;-185.598231
1;1;-138.588394;-7.772367;-145.860921
1;1;-129.978950;-7.772367;-34.878539
1;1;-21.113076;-7.772367;-11.652840
1;1;32.039743;-7.772367;-109.458716
1;1;-46.671241;-7.772367;-188.172072
1;1;-144.478720;-7.772367;-135.022202
1;1;-121.256302;-7.772367;-26.155628
1;1;-10.274180;-7.772367;-17.542838
1;1;29.466265;-7.772367;-121.523166
1;1;-58.970134;-7.772367;-189.126530
1;1;-148.882703;-7.772367;-123.499238
1;1;-111.455896;-7.772367;-18.663912
1;1;-0.310187;-7.772367;-24.815569
1;1;25.318675;-7.772367;-133.140880
1;1;-71.287156;-7.772367;-188.444812
1;1;-151.722860;-7.772367;-111.494770
1;1;-100.750165;-7.772367;-12.535203
1;1;8.603592;-7.772367;-33.343071
1;1;19.669948;-7.772367;-144.107449
1;1;-83.405596;-7.772367;-186.138911
1;1;-152.949219;-7.772367;-99.220007
1;1;-89.327468;-7.772367;-7.877332
1;1;16.310325;-7.772367;-42.975310
1;1;12.619469;-7.772367;-154.229924
1;1;-95.112237;-7.772367;-182.249399
1;1;-152.540203;-7.772367;-86.890917
1;1;-77.388782;-7.772367;-4.772250
1;1;22.674417;-7.772367;-53.542812
1;1;4.291287;-7.772367;-163.330207
1;1;-106.201110;-7.772367;-176.844710
1;1;-150.503009;-7.772367;-74.724422
1;1;-65.144160;-7.772367;-3.274591
1;1;27.583895;-7.772367;-64.859648
1;1;-5.168069;-7.772367;-171.248183
1;1;-116.477111;-7.772367;-170.019934
1;1;-146.873479;-7.772367;-62.934584
1;1;-52.809038;-7.772367;-3.410704
1;1;30.952381;-7.772367;-76.726706
1;1;-15.592167;-7.772367;-177.844542
1;1;-125.759441;-7.772367;-161.895151
1;1;-141.715474;-7.772367;-51.728838
